https://www.vox.com/2014/1/1/11621838/lg-bends-design-boundaries-with-g-flex,
https://www.vox.com/2014/1/1/11621862/happy-renew-year,
https://www.vox.com/2014/1/2/11621910/ea-confirms-popcap-ceos-departure,
https://www.vox.com/2014/1/2/11621902/biotechs-big-year-sector-made-up-half-of-vc-backed-ipos-in-2013,
https://www.vox.com/2014/1/2/11621908/snapchat-responds-to-security-breach-allegations-with-promise-of-app,
https://www.vox.com/2014/1/2/11621894/disruption-in-our-face-iger-on-why-disney-needs-tech-heavies-on-board,
https://www.vox.com/2014/1/2/11621898/security-firm-fireeye-pays-1-billion-for-mandiant,
https://www.vox.com/2014/1/2/11621896/bitcoin-is-good,
https://www.vox.com/2014/1/2/11621900/groupon-finalizes-260-million-deal-for-ticket-monster-livingsocials,
https://www.vox.com/2014/1/2/11621904/oh-yeezus-cryptocurrency-gets-hip-with-kanye-inspired-coinye-west,
https://www.vox.com/2014/1/2/11621888/tiny-batteries-and-tiny-investors-usher-in-a-wave-of-hardware-startups,
https://www.vox.com/2014/1/2/12098626/its-not-a-church-its-just-an-apple-store,
https://www.vox.com/2014/1/2/11621886/ultra-high-end-smart-bracelet-from-ferrari-designer-will-cost-189k,
https://www.vox.com/2014/1/2/11621890/blackberrys-duet-act-with-alicia-keys-is-breaking-up,
https://www.vox.com/2014/1/2/11621884/snapchat-account-leak-raises-questions-about-it-and-other-mobile-apps,
https://www.vox.com/2014/1/2/11621876/mossberg-and-swisher-decode-recode-video,
https://www.vox.com/2014/1/2/11621832/the-year-ahead-in-gaming-according-to-the-mobile-guys,
https://www.vox.com/2014/1/2/11621872/twitter-svp-chris-fry-breaks-down-how-his-engineering-org-works,
https://www.vox.com/2014/1/2/11621850/meet-squares-francoise-brougher-jack-dorseys-new-secret-weapon,
https://www.vox.com/2014/1/2/11621854/intel-ceo-brian-krzanich-on-rekindling-the-chipmakers-innovative,
https://www.vox.com/2014/1/2/11621860/brian-krzanich-on-why-he-pulled-the-plug-on-intels-tv-dreams,
https://www.vox.com/2014/1/2/11621874/amazon-decides-to-stop-hiding-its-web-video-service,
https://www.vox.com/2014/1/2/11621870/after-stellar-2013-will-tech-stocks-swell-or-swoon-in-2014,
https://www.vox.com/2014/1/2/11621864/nest-raising-huge-new-round-from-dst-valuing-smart-home-startup-at,
https://www.vox.com/2014/1/2/11621856/the-wall-street-journal-redesigns-its-tech-section,
https://www.vox.com/2014/1/1/11621858/the-code-conference-cometh-brin-chen-kalanick-krzanich-roberts,
https://www.vox.com/2014/1/1/11621868/why-is-marc-andreessen-going-nutso-on-twitter-he-explains,
https://www.vox.com/2014/1/1/11621866/ani-difranco-questlove,
https://www.vox.com/2014/1/1/11621848/robots-regenerative-medicine-and-more-futurists-gaze-into-2014,
https://www.vox.com/2014/1/1/11621836/can-do-vs-cant-do-culture,
https://www.vox.com/2014/1/1/11621852/in-a-challenge-to-intel-arm-chips-to-show-up-in-servers-in-2014,
https://www.vox.com/2014/1/3/11621918/reid-hoffman-on-bubbles-vc-turmoil-diversity-issues-in-tech-and-more,
https://www.vox.com/2014/1/3/11621944/blackberry-sues-ryan-seacrests-typo-to-block-keyboard,
https://www.vox.com/2014/1/3/11621928/rovio-says-its-taking-free-to-play-slow-uh-sure,
https://www.vox.com/2014/1/3/11621942/vine-comes-to-the-web-nearly-one-year-after-instagram,
https://www.vox.com/2014/1/3/11621936/meet-lyvehome-the-little-box-that-manages-all-your-media,
https://www.vox.com/2014/1/3/11621940/t-mobile-ceo-calls-atts-bid-to-poach-his-customers-a-desperate-move,
https://www.vox.com/2014/1/3/11621938/dnanexus-raises-15m-from-google-claremont,
https://www.vox.com/2014/1/3/11621934/snapchat-ceo-continues-not-to-apologize-for-security-breach,
https://www.vox.com/2014/1/3/11621930/spacex-delays-satellite-launch,
https://www.vox.com/2014/1/3/11621920/why-fireeye-is-the-internets-new-security-powerhouse,
https://www.vox.com/2014/1/3/11621926/att-fires-pre-emptive-strike-offers-up-to-450-to-t-mobile-customers,
https://www.vox.com/2014/1/3/11621922/fitbit-ceo-on-why-turning-the-iphone-into-an-activity-tracker-doesnt,
https://www.vox.com/2014/1/3/11621924/gracenote-wants-to-let-a-thousand-pandoras-bloom,
https://www.vox.com/2014/1/3/11621878/the-graver-threat-of-the-growing-tech-backlash,
https://www.vox.com/2014/1/3/11621880/amid-the-hype-remember-the-ces-gadget-graveyard,
https://www.vox.com/2014/1/3/11621892/seeing-through-the-haze-of-icloud,
https://www.vox.com/2014/1/3/11621914/heyday-raises-3-5m-for-automated-journal-app,
https://www.vox.com/2014/1/3/11621882/sports-guy-bill-simmons-helped-make-podcasts-a-thing-next-up-a,
https://www.vox.com/2014/1/3/11621916/social-enterprise-startup-spredfast-raises-32-5-million,
https://www.vox.com/2014/1/3/11621912/dustcloud-brings-a-first-person-shooter-into-the-streets-without-the,
https://www.vox.com/2014/1/2/11621906/facebook-sued-over-alleged-messaging-privacy-invasions,
https://www.vox.com/2014/1/4/11621956/bezos-on-travel-illness-galapagos-five-stars-kidney-stones-zero-stars,
https://www.vox.com/2014/1/4/11621954/heres-me-calacanis-and-scooby-dont-yammering-on-about-tech-stuff,
https://www.vox.com/2014/1/4/11621952/digital-clockmaker-says-google-has-acquired-it,
https://www.vox.com/2014/1/4/11621932/connected-cars-driving-2014-ces-to-become-more-of-an-auto-show,
https://www.vox.com/2014/1/4/11621950/rap-genius-says-its-sorry-for-acting-like-rap-morons,
https://www.vox.com/2014/1/4/11621948/under-mayer-yahoos-buys-but-will-it-ever-divest,
https://www.vox.com/2014/1/5/11621972/trying-to-stream-nfl-playoff-game-on-the-way-to-techie-ces-is-a,
https://www.vox.com/2014/1/5/11621974/new-in-movie-marketing-the-printed-tweet,
https://www.vox.com/2014/1/5/11621970/htcs-slump-keeps-well-slumping-in-q4,
https://www.vox.com/2014/1/5/11621960/why-zynga-wont-be-the-last-big-business-to-accept-bitcoin,
https://www.vox.com/2014/1/5/11621964/apple-confirms-acquisition-of-burst-photo-app-maker-snappylabs,
https://www.vox.com/2014/1/6/11622040/microsoft-acquires-cloud-customer-service-player-parature,
https://www.vox.com/2014/1/6/11622038/delayed-spacex-rocket-launches,
https://www.vox.com/2014/1/6/11622034/sony-t-mobile-team-up-again-to-bring-waterproof-xperia-z1s-to-u-s,
https://www.vox.com/2014/1/6/11622036/chinese-e-commerce-site-acquires-ador-owner-of-heavily-funded-lockerz,
https://www.vox.com/2014/1/6/11622006/how-60-minutes-clean-tech-takedown-missed-the-bigger-picture,
https://www.vox.com/2014/1/6/11622008/yahoos-mayer-hits-ces-to-tout-ads-tech-star-pogue-and-natch-herself,
https://www.vox.com/2014/1/6/11622032/san-francisco-strikes-deal-over-controversial-tech-shuttles,
https://www.vox.com/2014/1/6/11622030/facebook-wants-high-quality-content-guess-who-gets-to-figure-out-what,
https://www.vox.com/2014/1/6/11622002/first-look-samsung-galaxy-notepro-galaxy-tabpro-for-take-your-tablet,
https://www.vox.com/2014/1/6/11622028/foursquares-first-designer-joins-former-colleague-tristan-walkers,
https://www.vox.com/2014/1/6/11622020/atts-ralph-de-la-vega-on-t-mobile-toll-free-data-and-more,
https://www.vox.com/2014/1/6/11622000/the-four-stages-of-disruption-2,
https://www.vox.com/2014/1/6/11622024/snapchat-hires-its-first-lobbyist,
https://www.vox.com/2014/1/6/11622026/democracy-is-so-overrated-netflix-shows-off-new-season-of-house-of,
https://www.vox.com/2014/1/6/11621998/first-look-the-new-pebble-steel-smartwatch,
https://www.vox.com/2014/1/6/11622022/asus-ceo-teases-padfone-x-phone-tablet-hybrid-coming-soon-to-att,
https://www.vox.com/2014/1/6/11622018/blackberry-taps-former-sony-ericsson-exec-for-devices-president-job,
https://www.vox.com/2014/1/6/11622014/hearsts-chronicle-sfgate-gets-new-boss-from-popsugar,
https://www.vox.com/2014/1/6/11622012/pinterest-buys-tiny-startup-visualgraph-to-analyze-peoples-pins,
https://www.vox.com/2014/1/6/11622004/facebooks-sean-ryan-talks-about-whats-next-in-social-games,
https://www.vox.com/2014/1/6/11622010/lg-g-flex-headed-to-att-sprint-and-t-mobile,
https://www.vox.com/2014/1/6/11621994/demand-media-co-counder-joins-merchant-bank-raine-as-advisor,
https://www.vox.com/2014/1/6/11621996/microsoft-sells-another-million-xbox-ones-over-holidays,
https://www.vox.com/2014/1/6/11621976/in-wireless-first-att-says-it-is-ready-to-offer-toll-free-data,
https://www.vox.com/2014/1/6/11621986/three-things-from-ces-you-should-know-about-monday-edition,
https://www.vox.com/2014/1/6/11621984/first-look-parrots-crazy-sumo-jumping-and-mini-drones,
https://www.vox.com/2014/1/6/11621966/lightsails-danielle-fong-on-the-most-exciting-science,
https://www.vox.com/2014/1/6/11621992/t-mobile-buys-3-3-billion-worth-of-spectrum-from-verizon,
https://www.vox.com/2014/1/6/11621990/google-teams-with-audi-gm-honda-hyundai-and-nvidia-for-in-car-android,
https://www.vox.com/2014/1/6/11621962/onthego-raises-705000-to-bring-gesture-control-to-smart-glasses,
https://www.vox.com/2014/1/7/11622096/sony-doesnt-have-the-deals-it-needs-for-web-tv-but-thats-not-its-real,
https://www.vox.com/2014/1/7/11622098/facebook-acquires-india-based-startup-little-eye-labs,
https://www.vox.com/2014/1/7/11622094/i-went-to-the-ces-mommytech-summit-and-heres-what-i-saw,
https://www.vox.com/2014/1/7/11622088/samsung-planning-more-wearables-for-launch-of-next-galaxy-s-galaxy,
https://www.vox.com/2014/1/7/11622084/mother-wants-uber-to-pay-for-crash-that-killed-her-daughter,
https://www.vox.com/2014/1/7/11622086/internet-tv-startup-aereo-raises-34-million,
https://www.vox.com/2014/1/7/11622072/the-brain-freeze-watched-round-the-world,
https://www.vox.com/2014/1/7/11622076/sony-ceo-kaz-hirai-on-4k-tvs-wearables-and-hanging-with-dan-loeb,
https://www.vox.com/2014/1/7/11622082/its-official-everyone-is-exploring-wearables-including-lenovo,
https://www.vox.com/2014/1/7/11622080/amazon-confirms-that-the-giant-amazon-box-from-reddit-is-real,
https://www.vox.com/2014/1/7/11622078/twitter-sets-feb-5-date-for-first-earnings-report,
https://www.vox.com/2014/1/7/11622064/after-investigation-u-s-air-force-slams-autonomys-bookkeeping,
https://www.vox.com/2014/1/7/11622074/purple-people-eaters-liveblogging-marissa-mayers-ces-event,
https://www.vox.com/2014/1/7/11622060/microsoft-tops-new-brand-like-me-survey-while-apple-too-cool-for,
https://www.vox.com/2014/1/7/11622068/kaz-hirai-on-why-sonys-pay-tv-bid-can-succeed-where-intel-and-others,
https://www.vox.com/2014/1/7/11622070/sony-brings-old-games-to-new-platforms-with-playstation-now,
https://www.vox.com/2014/1/7/11622062/twitter-co-founder-launches-jelly-a-social-search-startup,
https://www.vox.com/2014/1/7/11622066/sony-pulls-ahead-in-console-race-up-a-million-over-microsoft,
https://www.vox.com/2014/1/7/11622058/groupons-next-big-thing-helping-mom-and-pop-shops-unload-extra,
https://www.vox.com/2014/1/7/11622056/oracles-first-deal-of-2014-is-for-corente,
https://www.vox.com/2014/1/7/11622050/vine-co-founder-steps-down-from-lead-role-at-company,
https://www.vox.com/2014/1/7/11622052/three-things-from-ces-you-should-know-about-tuesday-edition,
https://www.vox.com/2014/1/7/11622054/fab-ceo-jason-goldbergs-3500-word-mea-culpa-we-had-started-to-dream,
https://www.vox.com/2014/1/7/11622048/apple-app-store-sales-topped-10-billion-last-year,
https://www.vox.com/2014/1/7/11622046/tapulous-co-founder-bart-decrem-departs-disney,
https://www.vox.com/2014/1/6/11622044/t-mobile-ceo-on-being-thrown-out-of-atts-party-i-just-wanted-to-see,
https://www.vox.com/2014/1/6/11622042/mike-bell-explains-intels-big-bet-on-small-devices-interview,
https://www.vox.com/2014/1/8/11622142/qualcomms-steve-mollenkopf-on-china-cars-and-wearables,
https://www.vox.com/2014/1/8/11622144/twitter-taps-groupon-exec-for-lead-hr-role,
https://www.vox.com/2014/1/8/11622140/air-force-walks-away-from-hp-autonomy-accounting-mess,
https://www.vox.com/2014/1/8/11622130/blackberry-says-keyboards-are-the-future,
https://www.vox.com/2014/1/8/11622132/cinemaxs-new-vine-campaign-is-unintentionally-hilarious,
https://www.vox.com/2014/1/8/11622134/bee-cave-games-raises-another-1-9-million,
https://www.vox.com/2014/1/8/11622116/t-mobile-offers-to-pay-early-termination-fees-for-familes-who-switch,
https://www.vox.com/2014/1/8/11622124/management-shake-up-rattles-saps-cloud-business,
https://www.vox.com/2014/1/8/11622126/sony-stock-jumps-nearly-six-percent-after-ces-announcements,
https://www.vox.com/2014/1/8/11622118/as-song-sales-slump-streaming-booms,
https://www.vox.com/2014/1/8/11622120/apple-excoriates-e-book-antitrust-monitor,
https://www.vox.com/2014/1/8/11622122/oscar-health-nabs-another-30m-for-insurance,
https://www.vox.com/2014/1/8/11622108/linkedin-sues-to-fend-off-content-scraping-bots,
https://www.vox.com/2014/1/8/11622090/three-things-from-ces-you-should-know-about-wednesday-edition,
https://www.vox.com/2014/1/8/11622114/microsoft-ceo-selection-unlikely-to-come-in-january-as-candidate-list,
https://www.vox.com/2014/1/8/11622106/first-look-razers-nabu-smartband-plays-part-smartwatch-part-fitness,
https://www.vox.com/2014/1/8/11622112/ftc-hits-justfab-ceos-weight-loss-company-with-26-5-million-fine,
https://www.vox.com/2014/1/8/11622110/square-cfo-friar-joins-board-of-new-relic,
https://www.vox.com/2014/1/8/11622102/behold-valves-first-steam-machines-photo-gallery,
https://www.vox.com/2014/1/8/11622092/sony-patent-suggests-old-games-could-get-bonus-content,
https://www.vox.com/2014/1/7/11622100/heres-my-latest-piece-in-vanity-fair-magazine-designer-yves-behar,
https://www.vox.com/2014/1/7/11622104/google-takes-to-the-sea-tests-ferry-shuttle-for-workers,
https://www.vox.com/2014/1/9/11622178/lenovo-dominated-worst-ever-world-pc-market-in-2013,
https://www.vox.com/2014/1/9/11622180/fcc-chairman-says-att-sponsored-data-plans-worth-monitoring,
https://www.vox.com/2014/1/9/11622172/viral-video-carnegie-mellon-students-game-demo-blows-internets,
https://www.vox.com/2014/1/9/11622174/gmail-google-link-makes-you-easier-to-reach-for-better-or-worse,
https://www.vox.com/2014/1/9/11622166/russias-investment-revolution,
https://www.vox.com/2014/1/9/11622136/bitcoins-big-new-york-city-moment-is-coming-later-this-month,
https://www.vox.com/2014/1/9/11622164/how-a-blind-man-finds-his-way-through-ces,
https://www.vox.com/2014/1/9/11622152/one-by-one-hardware-geek-gets-physically-disabled-people-gaming,
https://www.vox.com/2014/1/9/11622162/uber-cuts-fares-in-some-cities,
https://www.vox.com/2014/1/9/11622160/facebooks-clever-way-of-testing-on-mobile,
https://www.vox.com/2014/1/9/11622150/three-things-from-ces-you-should-know-about-thursday-edition,
https://www.vox.com/2014/1/9/11622158/snapchat-okay-fine-were-sorry,
https://www.vox.com/2014/1/9/11622148/so-youve-installed-an-ibeacon-system-now-comes-the-hard-part-no-one,
https://www.vox.com/2014/1/9/11622156/apple-samsung-to-meet-with-mediator-over-patent-spat,
https://www.vox.com/2014/1/9/11622154/ibm-doubles-down-on-watson,
https://www.vox.com/2014/1/9/11622128/brainteaser-can-an-ipad-game-detect-alzheimers,
https://www.vox.com/2014/1/8/12098672/hello-again-network-take-a-seat-at-the-big-boy-table,
https://www.vox.com/2014/1/8/11622146/first-look-disappearing-tactile-keyboard-on-glass,
https://www.vox.com/2014/1/10/11622210/exclusive-path-completes-25-million-funding-led-by-indonesias-bakrie,
https://www.vox.com/2014/1/10/11622182/ces-is-not-what-you-think-it-is,
https://www.vox.com/2014/1/10/11622196/recodes-not-so-quantified-ces,
https://www.vox.com/2014/1/10/11622194/new-gmail-google-feature-scrutinized-by-privacy-advocates,
https://www.vox.com/2014/1/10/11622202/at-ces-startups-start-to-stand-out,
https://www.vox.com/2014/1/10/11622170/ailing-blackberry-is-a-patient-that-can-be-cured-says-ceo-john-chen,
https://www.vox.com/2014/1/10/11622204/supreme-showdown-court-will-hear-broadcasters-suit-against-aereo,
https://www.vox.com/2014/1/10/11622184/intel-has-its-eyes-fixed-on-networking,
https://www.vox.com/2014/1/10/11622168/stuffed-why-data-storage-is-hot-again-really,
https://www.vox.com/2014/1/10/11622200/white-house-to-give-healthcare-gov-builder-the-boot,
https://www.vox.com/2014/1/10/11622190/ibeacon-could-be-apples-secret-gaming-weapon-developer-says,
https://www.vox.com/2014/1/10/11622198/facebook-to-shutter-sponsored-stories-ad-program,
https://www.vox.com/2014/1/10/11622192/livingsocial-ceo-tim-oshaughnessy-to-resign,
https://www.vox.com/2014/1/10/11622188/target-data-breach-much-worse-than-first-thought-up-to-70-million,
https://www.vox.com/2014/1/10/11622186/sap-cloud-growth-falls-short-shares-fall,
https://www.vox.com/2014/1/9/12098676/cloudy-with-a-lack-of-awareness,
https://www.vox.com/2014/1/11/11622220/yahoo-ads-malware-issue-larger-than-originally-reported,
https://www.vox.com/2014/1/11/11622208/recode-on-tv,
https://www.vox.com/2014/1/11/11622214/google-team-meets-with-fda-raising-medical-device-speculation,
https://www.vox.com/2014/1/11/11622218/neiman-marcus-hacked-some-credit-card-data-stolen,
https://www.vox.com/2014/1/11/11622216/beats-music-will-try-to-do-what-spotify-hasnt-using-marketing-muscle,
https://www.vox.com/2014/1/10/11622212/dropbox-goes-down,
https://www.vox.com/2014/1/12/11622230/nbcuniversal-invests-in-ken-lerers-nowthis-news,
https://www.vox.com/2014/1/12/11622228/target-ceo-defends-four-day-wait-to-disclose-massive-data-hack,
https://www.vox.com/2014/1/12/11622226/the-second-ces-no-giant-tvs-no-booth-babes-just-a-ton-of-media-money,
https://www.vox.com/2014/1/12/11622224/will-paths-controversial-new-indonesian-investor-bakrie-be-bad-for,
https://www.vox.com/2014/1/12/11622222/poetry-in-the-air-apples-latest-ad-lauds-ipad-and-inspiration,
https://www.vox.com/2014/1/12/11622206/i-came-not-to-be-buried-by-ces-but-to-be-dazed-by-it,
https://www.vox.com/2014/1/13/11622286/new-code-conference-speakers-nests-fadell-and-dropboxs-houston,
https://www.vox.com/2014/1/13/11622254/great-companies-dont-have-an-exit-strategy,
https://www.vox.com/2014/1/13/11622280/animal-planet-team-buzzfeed-launches-the-dodo-with-2-million-and-a,
https://www.vox.com/2014/1/13/11622282/nest-tony-fadell-on-why-he-sold-to-google-best-of-both-worlds,
https://www.vox.com/2014/1/13/11622278/reports-charter-bids-61-3-billion-for-time-warner-cable,
https://www.vox.com/2014/1/13/11622256/why-there-wont-be-a-fire-sale-on-those-unsold-blackberry-10-phones-at,
https://www.vox.com/2014/1/13/11622276/google-acquires-nest-for-3-2b,
https://www.vox.com/2014/1/13/11622258/juniper-shares-rise-on-activist-firm-elliott-managements-stake,
https://www.vox.com/2014/1/13/11622274/video-new-xbox-one-ad-promises-to-give-you-ancient-roman-ptsd,
https://www.vox.com/2014/1/13/11622270/augmented-reality-ceo-calls-for-an-end-to-augmented-reality-gimmicks,
https://www.vox.com/2014/1/13/11622268/matt-mullenweg-shifts-into-ceo-role-at-automattic,
https://www.vox.com/2014/1/13/11622272/airbnb-credits-new-users-with-as-much-as-300,
https://www.vox.com/2014/1/13/11622266/snapchat-responds-to-spam-complaints,
https://www.vox.com/2014/1/13/11622262/wealthfront-leaps-out-in-online-financial-advising,
https://www.vox.com/2014/1/13/11622264/facebook-coo-sandberg-to-release-new-version-of-lean-in-book-for,
https://www.vox.com/2014/1/13/11622260/pablo-chavez-linkedin,
https://www.vox.com/2014/1/13/11622238/amazon-thinks-it-can-seduce-you-with-fish-taco-seasoning-and-cream-of,
https://www.vox.com/2014/1/13/11622252/dwollas-first-two-new-york-hires-depart-to-launch-social-analytics,
https://www.vox.com/2014/1/13/11622236/att-tries-reverse-psychology-to-get-app-makers-to-write-cleaner-code,
https://www.vox.com/2014/1/13/11622248/heavily-funded-ideeli-sells-to-groupon-for-43-million,
https://www.vox.com/2014/1/13/11622250/facebook-buys-branch-the-messaging-startup-backed-by-twitters-co,
https://www.vox.com/2014/1/13/11622242/wandoujia-one-of-chinas-biggest-app-stores-lands-120-million-round,
https://www.vox.com/2014/1/13/11622234/new-fuel-for-the-new-year,
https://www.vox.com/2014/1/13/11622232/practice-fusion-doubles-space-moves-into-zyngas-hq,
https://www.vox.com/2014/1/13/11622244/godaddy-strikes-office-365-partnership-with-microsoft,
https://www.vox.com/2014/1/13/11622240/what-the-heck-is-a-ram-scraper,
https://www.vox.com/2014/1/13/12098680/this-golden-moment,
https://www.vox.com/2014/1/13/11622246/sprint-quietly-kills-oneup-early-upgrade-program,
https://www.vox.com/2014/1/14/11622332/ben-horowitz-book-the-hard-thing-about-hard-things-debuts-in-march,
https://www.vox.com/2014/1/14/11622328/sony-still-doesnt-know-what-exactly-the-playstation-vita-is,
https://www.vox.com/2014/1/14/11622322/dropbox-steps-up-biz-dev-with-hires-from-facebook-google-and-spotify,
https://www.vox.com/2014/1/14/11622306/the-tipping-point-e-commerce-version,
https://www.vox.com/2014/1/14/11622316/umoove-says-face-and-eye-tracking-will-change-mobile-games-ads-and,
https://www.vox.com/2014/1/14/11622326/digital-dealmaker-zander-lurie-leaves-guggenheim,
https://www.vox.com/2014/1/14/11622324/khosla-responds-to-60-minutes-clean-tech-takedown,
https://www.vox.com/2014/1/14/11622312/facebook-could-launch-its-flipboard-like-news-reader-this-month,
https://www.vox.com/2014/1/14/11622320/as-it-preps-for-spinoff-time-inc-hires-cto-from-amazon,
https://www.vox.com/2014/1/14/11622296/ex-googler-tom-moss-gets-18-million-from-accel-google-ventures-to,
https://www.vox.com/2014/1/14/11622310/creator-of-gopro-rival-contour-is-back-to-kickstart-lenses-for,
https://www.vox.com/2014/1/14/11622314/tesla-issues-recall-for-29000-model-s-adapters,
https://www.vox.com/2014/1/14/11622304/russian-tech-giants-strike-social-data-deals,
https://www.vox.com/2014/1/14/11622308/appeals-court-strikes-down-fccs-net-neutrality-rules,
https://www.vox.com/2014/1/14/11622294/a-physical-keyboard-for-the-iphone,
https://www.vox.com/2014/1/14/11622298/nutanix-raises-101-million-from-sap-ventures-and-riverwood,
https://www.vox.com/2014/1/14/11622300/facebooks-new-branch-hire-tweets-about-his-medium-posts,
https://www.vox.com/2014/1/14/11622290/battlefy-a-pickaxe-for-esports-raises-1-3mm-seed-round,
https://www.vox.com/2014/1/14/11622292/infographic-on-demand-site-visually-gets-8-1m-more,
https://www.vox.com/2014/1/14/11622284/the-iphone-5c-has-been-a-boost-to-sales-of-the-iphone-5s,
https://www.vox.com/2014/1/14/11622288/utest-raises-43m-for-crowdsourced-testing,
https://www.vox.com/2014/1/15/11622394/ouya-confirms-departure-of-product-vp-muffi-ghadiali,
https://www.vox.com/2014/1/15/11622390/microsofts-build-developer-conference-sells-out-in-a-day,
https://www.vox.com/2014/1/15/11622388/att-hangs-up-on-american-idol-after-12-seasons,
https://www.vox.com/2014/1/15/11622380/syrian-hackers-breached-microsofts-corporate-email,
https://www.vox.com/2014/1/15/11622386/he-was-fired-heres-marissa-mayers-de-castro-buh-bye-memo-to-staff,
https://www.vox.com/2014/1/15/11622378/googbye-email-addresses-phone-numbers,
https://www.vox.com/2014/1/15/11622382/as-de-castro-likely-to-exit-yahoo-with-huge-payday-what-does-yahoo,
https://www.vox.com/2014/1/15/11622384/social-app-path-hit-with-spam-attack,
https://www.vox.com/2014/1/15/11622374/isaacson-google-steals-innovation-crown-from-apple,
https://www.vox.com/2014/1/15/11622370/viddy-the-instagram-for-video-that-wasnt-acquired-by-web-video,
https://www.vox.com/2014/1/15/11622372/henrique-de-castro-out-at-yahoo,
https://www.vox.com/2014/1/15/11622368/microsoft-confirms-media-exec-blair-westlakes-departure,
https://www.vox.com/2014/1/15/11622366/aol-finds-a-home-off-its-books-for-patch,
https://www.vox.com/2014/1/15/11622364/jack-dorseys-advice-to-dying-retailers-disrupt-receipts,
https://www.vox.com/2014/1/15/11622356/intel-brings-its-brand-to-cloud-computing,
https://www.vox.com/2014/1/15/11622362/blackphone-tries-to-make-a-more-secure-android-phone,
https://www.vox.com/2014/1/15/11622360/games-investment-returned-to-pre-zynga-levels-in-2013-thanks-to-mobile,
https://www.vox.com/2014/1/15/11622358/handybook-grabs-exec-in-a-deal-worth-less-than-10-million,
https://www.vox.com/2014/1/15/11622354/chrome-browser-for-ios-and-android-promises-to-cut-data-usage-in-half,
https://www.vox.com/2014/1/15/11622352/linkedin-adds-a-volunteer-marketplace-to-its-site,
https://www.vox.com/2014/1/15/11622350/apple-agrees-to-ftc-consent-decree-over-in-app-purchases,
https://www.vox.com/2014/1/15/11622348/beam-brings-grandma-to-the-dinner-table-via-telepresence-robot,
https://www.vox.com/2014/1/15/11622338/brain-train-to-fight-brain-drain,
https://www.vox.com/2014/1/15/11622342/square-admits-it-has-permanently-slashed-its-ipad-stands-price-to-99,
https://www.vox.com/2014/1/15/11622340/messaging-app-wickr-says-more-secure-than-snapchat-whatsapp-and-puts,
https://www.vox.com/2014/1/15/11622336/claremont-adds-partner-focused-on-health-energy-and-big-data,
https://www.vox.com/2014/1/15/11622346/tim-cook-apple-china-mobile-deal-a-watershed-moment,
https://www.vox.com/2014/1/15/11622344/whats-net-neutrality-what-happened-to-net-neutrality-yesterday-what,
https://www.vox.com/2014/1/15/11622318/hp-to-re-enter-smartphone-market-with-phablets-in-india,
https://www.vox.com/2014/1/14/11622334/in-a-first-amazon-warehouse-workers-to-vote-today-on-labor-union,
https://www.vox.com/2014/1/16/11622446/the-new-york-times-gets-its-david-pogue-replacement-from-the-wall,
https://www.vox.com/2014/1/16/11622442/traffic-court-clears-driver-cited-for-using-google-glass,
https://www.vox.com/2014/1/16/11622440/stephen-colbert-shows-us-the-future-of-advertising,
https://www.vox.com/2014/1/16/11622434/xbox-one-and-nintendo-3ds-won-u-s-sales-in-december-according-to-npd,
https://www.vox.com/2014/1/16/11622436/yahoos-editor-in-chief-jai-singh-departs-company,
https://www.vox.com/2014/1/16/11622432/could-googles-smart-contacts-refocus-google-glass,
https://www.vox.com/2014/1/16/11622438/inside-google-xs-smart-contact-lens,
https://www.vox.com/2014/1/16/11622428/googles-latest-moon-shot-is-a-smart-contact-lens-for-diabetes-patients,
https://www.vox.com/2014/1/16/11622416/net-neutrality-and-the-oil-war,
https://www.vox.com/2014/1/16/11622426/zynga-stock-drops-12-percent-after-pessimistic-analyst-note,
https://www.vox.com/2014/1/16/11622430/intel-results-fall-short-outlook-for-2014-is-flat,
https://www.vox.com/2014/1/16/11622424/twitter-gets-serious-about-commerce-nears-deal-with-payments-startup,
https://www.vox.com/2014/1/16/11622422/t-mobile-broadening-its-program-to-pay-switchers,
https://www.vox.com/2014/1/16/11622414/the-revolution-will-be-streamed,
https://www.vox.com/2014/1/16/11622420/hackers-healthcare-gov-still-riddled-with-potential-security-issues,
https://www.vox.com/2014/1/16/11622418/the-week-picks-up-a-new-digital-boss-from-patch,
https://www.vox.com/2014/1/16/11622412/springsteen-and-fallon-are-born-to-traffic-jam-video,
https://www.vox.com/2014/1/16/11622408/seed-funded-mindie-helps-make-diy-music-videos-for-short-attention,
https://www.vox.com/2014/1/16/11622410/smartphone-users-gobbling-up-more-data-amid-growing-use-of-streaming,
https://www.vox.com/2014/1/16/11622406/deutsche-telekom-move-could-pave-way-for-t-mobile-us-sale,
https://www.vox.com/2014/1/16/11622402/sacramento-kings-to-accept-bitcoin-for-apparel-and-ticket-purchases,
https://www.vox.com/2014/1/16/11622404/maker-studios-hires-aols-rene-rechtman-for-international-role,
https://www.vox.com/2014/1/16/11622400/intel-to-report-final-quarter-in-worst-year-ever-for-pcs,
https://www.vox.com/2014/1/16/11622376/five-tips-and-tricks-for-getting-the-most-out-of-your-xbox-one,
https://www.vox.com/2014/1/16/11622398/in-banner-year-twitchs-game-streaming-audience-more-than-doubled,
https://www.vox.com/2014/1/16/11622396/online-consignment-shops-stay-hot-as-andreessen-horowitz-leads-18-5,
https://www.vox.com/2014/1/15/11622392/amazon-warehouse-workers-vote-against-joining-union,
https://www.vox.com/2014/1/17/11622476/moneyball-andreessen-horowitzs-latest-1-5-billion-fund-is,
https://www.vox.com/2014/1/17/11622474/dropbox-fundraising-could-actually-be-as-much-as-400-million,
https://www.vox.com/2014/1/17/11622472/nintendo-stock-drops-off-a-cliff-after-forecasts-lowered,
https://www.vox.com/2014/1/17/11622462/airbnb-design-may-lead-black-hosts-to-charge-less-say-researchers,
https://www.vox.com/2014/1/17/11622452/digital-and-retail-game-sales-headed-in-different-directions-in-2013,
https://www.vox.com/2014/1/17/11622470/intel-to-cut-workforce-by-5-percent-a-reduction-of-more-than-5000-jobs,
https://www.vox.com/2014/1/17/11622468/twitter-product-vp-michael-sippey-to-leave-the-company,
https://www.vox.com/2014/1/17/11622466/google-wallet-loses-biz-dev-head-jonathan-weiner,
https://www.vox.com/2014/1/17/11622460/not-all-of-the-wearables-intel-showed-at-ces-had-intel-inside,
https://www.vox.com/2014/1/17/11622456/how-the-target-hackers-did-it,
https://www.vox.com/2014/1/17/11622444/whats-holding-us-back-from-true-tv-everywhere,
https://www.vox.com/2014/1/17/11622458/obama-ends-mass-collection-of-u-s-phone-data,
https://www.vox.com/2014/1/17/11622448/in-sign-of-maturing-smartphone-market-q1-sales-expected-expected-to,
https://www.vox.com/2014/1/17/11622454/apple-takes-a-fresh-bite-into-chinas-market,
https://www.vox.com/2014/1/16/11622450/ibm-to-spend-1-2-billion-to-increase-the-size-of-its-cloud,
https://www.vox.com/2014/1/18/11622490/apple-taps-talent-from-medical-sensor-firms,
https://www.vox.com/2014/1/18/12098698/brainly-aims-to-bring-social-learning-to-u-s,
https://www.vox.com/2014/1/18/11622486/trendspotting-google-ventures-opens-office-in-sfs-south-park,
https://www.vox.com/2014/1/18/11622482/did-target-notify-its-customers-about-security-breach-quickly-enough,
https://www.vox.com/2014/1/18/11622478/aolpbs-backed-makers-focused-on-women-leaders-jumps-from-digital-to,
https://www.vox.com/2014/1/18/11622464/more-early-hulu-hires-head-out-the-door,
https://www.vox.com/2014/1/19/11622494/as-microsoft-ceo-rumors-continue-to-churn-one-thing-is-clear-gates,
https://www.vox.com/2014/1/19/11622496/obamas-surveillance-reform-speech-draws-tepid-tech-response,
https://www.vox.com/2014/1/19/11622488/after-mulling-sale-business-insider-raising-a-new-round-of-funding,
https://www.vox.com/2014/1/19/12098702/she-robot,
https://www.vox.com/2014/1/20/11622526/att-says-current-contract-customers-can-join-next-early-upgrade,
https://www.vox.com/2014/1/20/11622516/index-ventures-leads-15-million-investment-in-security-software,
https://www.vox.com/2014/1/20/11622514/at-this-point-nest-ceos-adds-slight-hedge-on-data-collection-post,
https://www.vox.com/2014/1/20/11622498/waze-founder-jokes-that-hes-not-worried-about-making-money-now-that,
https://www.vox.com/2014/1/20/11622512/former-energy-secretary-joins-amprius-board,
https://www.vox.com/2014/1/20/11622508/with-t-mobile-and-sprint-adding-price-pressure-verizon-tests-appetite,
https://www.vox.com/2014/1/20/11622510/bill-gates-says-three-key-myths-are-holding-back-the-worlds-poor,
https://www.vox.com/2014/1/20/11622480/ad-tech-valuation-color-by-numbers,
https://www.vox.com/2014/1/20/11622506/wi-fi-sharing-company-fon-teams-up-with-qualcomm-and-facebook,
https://www.vox.com/2014/1/20/11622502/humin-hopes-to-make-the-phone-part-of-smartphones-live-up-to-the-name,
https://www.vox.com/2014/1/20/11622504/jimmy-wales-plan-to-save-the-world-with-mobile-phones,
https://www.vox.com/2014/1/20/11622484/jelly-app-gives-immediate-but-not-always-informative-answers,
https://www.vox.com/2014/1/20/11622492/stealth-security-startup-bluebox-raises-18-million-from-tenaya,
https://www.vox.com/2014/1/19/11622500/123456-tops-password-as-worst-password-of-2013,
https://www.vox.com/2014/1/21/11622538/bus-stop-sf-approves-controversial-shuttle-program-for-techies,
https://www.vox.com/2014/1/21/11622536/have-wearables-gone-wild-questioning-the-quantified-life,
https://www.vox.com/2014/1/21/11622552/kabam-says-its-revenue-doubled-in-2013,
https://www.vox.com/2014/1/21/11622550/ibm-earnings-beat-estimates-revenue-comes-in-light,
https://www.vox.com/2014/1/21/11622548/news-corp-replaces-dow-jones-ceo-lex-fenwick,
https://www.vox.com/2014/1/21/11622546/two-ways-to-fail-startups-drawquest-and-outbox-die,
https://www.vox.com/2014/1/21/11622544/judge-puts-the-brakes-on-apples-antitrust-monitor,
https://www.vox.com/2014/1/21/11622542/github-co-founder-chris-wanstrath-takes-ceo-role,
https://www.vox.com/2014/1/21/11622540/wealthfront-names-adam-nash-ceo,
https://www.vox.com/2014/1/21/11622518/what-tech-ceos-really-need-to-know-pre-ipo,
https://www.vox.com/2014/1/21/11622530/coursera-offers-the-equivalent-of-a-mooc-major-specialization,
https://www.vox.com/2014/1/21/11622528/naturalmotion-ceo-explains-how-to-make-a-hit-app-or-three,
https://www.vox.com/2014/1/21/11622522/beats-music-streams-with-a-human-touch,
https://www.vox.com/2014/1/21/11622520/in-germany-a-call-to-cut-off-funding-for-spy-agencies,
https://www.vox.com/2014/1/21/11622532/biz-stone-dishes-details-on-jelly-his-post-twitter-mobile-startup,
https://www.vox.com/2014/1/21/11622524/joor-digs-deeper-into-the-fashion-business-with-a-new-app-for-retail,
https://www.vox.com/2014/1/21/11622534/intel-formally-shuts-off-its-web-tv-plans-with-sale-to-verizon,
https://www.vox.com/2014/4/27/5659556/donald-sterlings-racist-outburst-explained,
https://www.vox.com/2014/4/27/11626132/how-heartbleeds-worst-case-scenario-was-proven-possible,
https://www.vox.com/2014/4/27/11626126/new-vulnerability-hits-internet-explorer-and-its-serious,
https://www.vox.com/2014/4/27/5652946/catholics-are-a-lot-more-liberal-than-evangelicals,
https://www.vox.com/2014/4/27/11626124/recode-on-tv-talking-google-apple-wearables-and-court-cases,
https://www.vox.com/2014/4/27/5655622/congress-could-fix-the-net-neutrality-mess-but-it-probably-wont,
https://www.vox.com/2014/4/27/11626118/here-is-the-radiumone-ceo-firing-statement,
https://www.vox.com/2014/4/27/5656390/george-rr-martin-drones,
https://www.vox.com/2014/4/27/5658118/obama-slams-ignorant-la-clippers-owner,
https://www.vox.com/2014/4/27/5658054/Ebola-outbreak-Guinea-survivors-shunned,
https://www.vox.com/2014/4/27/5657002/obamas-plan-to-make-teachers-better-explained,
https://www.vox.com/2014/4/27/11626116/exclusive-ceo-gurbaskh-chahal-fired-by-radiumone-board,
https://www.vox.com/2014/4/27/11626104/rewind-microsoft-nokia-deal-closes-gundotra-leaves-google,
https://www.vox.com/2014/4/27/5652578/3-things-research-has-told-us-about-being-unfriended-on-facebook,
https://www.vox.com/2014/4/27/11626114/gurbaskh-chahal-says-he-didnt-do-it-i-didnt-hit-her-117-times,
https://www.vox.com/2014/4/28/11626188/samsung-reports-q1-operating-profit-of-8-2-billion,
https://www.vox.com/2014/4/28/5662530/in-martha-stewarts-world-there-is-no-lime-apocalypse,
https://www.vox.com/2014/4/28/11626186/samsung-pulls-ads-from-clipper-games-amid-racist-comments-attributed,
https://www.vox.com/2014/4/28/5661756/the-science-behind-the-swarm-of-tornadoes-thats-hitting-the-midwest,
https://www.vox.com/2014/4/28/5661290/keeping-unauthorized-immigrants-from-driving-licenses-assimilation-car-culture,
https://www.vox.com/2014/4/28/12099140/twelve-years-later-minority-report-advertising-is-here,
https://www.vox.com/2014/4/28/5661708/sarah-palin-compared-waterboarding-to-baptism-and-christians-are,
https://www.vox.com/2014/4/28/11626178/freedompop-to-sell-first-apple-devices-offering-iphone-5-with-its,
https://www.vox.com/2014/4/28/5662268/even-elizabeth-warren-doesnt-want-pikettys-wealth-tax,
https://www.vox.com/2014/4/28/11626184/netflix-signs-comcast-like-web-traffic-deal-with-verizon,
https://www.vox.com/2014/4/28/11626182/gogo-ceo-on-atts-plan-to-invade-his-airspace,
https://www.vox.com/2014/4/28/5661628/the-graduation-rate-hits-80-percent-nationally-but-big-gaps-remain,
https://www.vox.com/2014/4/28/11626166/upcoming-sparks-app-aims-to-fire-up-mobile-conversations,
https://www.vox.com/2014/4/28/5661314/medical-marijuana-and-ms,
https://www.vox.com/2014/4/28/11626180/netsuites-q1-beats-expectations-shares-rise-after-hours,
https://www.vox.com/2014/4/28/5654026/the-most-and-least-expensive-us-states,
https://www.vox.com/2014/4/28/5660666/the-ugly-truth-about-gridlock,
https://www.vox.com/2014/4/28/11626170/github-apologizes-for-secrecy-around-harassment-allegations,
https://www.vox.com/2014/4/28/11626172/fab-pr-head-deborah-roth-has-left-the-company,
https://www.vox.com/2014/4/28/5661186/evolution-war-cause,
https://www.vox.com/2014/4/28/5661634/congressman-michael-grimm-indicted,
https://www.vox.com/2014/4/28/11626174/att-to-take-on-gogo-with-in-flight-lte-service,
https://www.vox.com/2014/4/28/5661526/grocery-stores-really-want-patent-reform-pharma-really-doesnt,
https://www.vox.com/2014/4/28/5661480/mosquitos-kill-more-humans-than-any-other-animal-including-humans,
https://www.vox.com/2014/4/28/11626162/technology-made-health-care-expensive-can-it-now-control-costs,
https://www.vox.com/2014/4/28/5661530/is-secondhand-vapor-as-bad-as-secondhand-smoke,
https://www.vox.com/2014/4/28/11626168/game-insight-closes-u-s-office,
https://www.vox.com/2014/4/28/11626160/where-are-the-most-intense-mobile-gamers-not-where-youd-expect,
https://www.vox.com/2014/4/28/5661744/corporate-sponsors-are-dropping-the-clippers,
https://www.vox.com/2014/4/28/11626164/adobe-patches-flash-flaw-that-allows-attacks-in-microsoft-browser,
https://www.vox.com/2014/4/29/5666200/on-bassem-sabry,
https://www.vox.com/2014/4/29/11626264/first-look-oneplus-one-smartphone-equals-nexus-killer,
https://www.vox.com/2014/4/29/11626272/microsoft-will-start-selling-xbox-one-in-china-in-september,
https://www.vox.com/2014/4/29/11626262/twitter-and-tv-is-working-just-fine-says-twitter,
https://www.vox.com/2014/4/29/11626274/supreme-court-looks-for-middle-ground-on-police-searches-of-phones,
https://www.vox.com/2014/4/29/11626256/nintendo-is-sort-of-warming-up-to-this-internet-thing,
https://www.vox.com/2014/4/29/5665168/spoiler-alert-the-latest-godzilla-trailer-is-full-of-spoilers-but-we,
https://www.vox.com/2014/4/29/11626268/one-kings-lane-officially-names-dinesh-lathi-ceo,
https://www.vox.com/2014/4/29/11626260/house-of-reed-netflix-ceo-hastings-to-speak-at-code-conference,
https://www.vox.com/2014/4/29/11626258/sun-shines-on-cloud-company-stocks-after-netsuite-earnings,
https://www.vox.com/2014/4/29/11626250/google-shoots-down-report-of-adsense-abuse-as-complete-fiction,
https://www.vox.com/2014/4/29/12099142/can-android-conquer-the-u-s,
https://www.vox.com/2014/4/29/5665272/the-top-one-percent-is-98-percent-male,
https://www.vox.com/2014/4/29/11626244/ebay-q1-beats-street-but-guidance-underwhelms,
https://www.vox.com/2014/4/29/5664570/chris-christies-war-with-new-jerseys-top-budget-wonk-david-rosen,
https://www.vox.com/2014/4/29/5662112/7-things-you-told-facebook-without-even-realizing-it,
https://www.vox.com/2014/4/29/11626248/twitter-says-its-going-to-make-more-money-than-it-thought-this-year,
https://www.vox.com/2014/4/29/5664758/what-can-we-do-to-make-tornadoes-less-deadly,
https://www.vox.com/2014/4/29/5665428/nba-announces-lifetime-ban-on-donald-sterling,
https://www.vox.com/2014/4/29/11626246/twitter-adds-more-users-but-wall-street-wants-more,
https://www.vox.com/2014/4/29/5664904/one-in-seven-kidney-stone-patients-end-up-back-in-the-hospital,
https://www.vox.com/2014/4/29/5664926/where-the-country-bikes-and-runs-in-maps,
https://www.vox.com/2014/4/29/5665330/let-john-oliver-explain-the-indian-election-to-you,
https://www.vox.com/2014/4/29/11626238/the-new-york-times-gets-into-the-viral-video-business,
https://www.vox.com/2014/4/29/5664848/this-wwi-propaganda-poster-has-surprisingly-good-advice-about-your,
https://www.vox.com/2014/4/29/11626242/at-12-billion-apple-debt-offering-is-smaller-than-expected,
https://www.vox.com/2014/4/29/5664722/the-french-used-to-love-taking-baby-names-from-us-tv-shows,
https://www.vox.com/2014/4/29/11626240/cable-industry-head-warns-about-regulation-of-internet-lines,
https://www.vox.com/2014/4/29/5664396/men-women-gender-gap-economics-upshot,
https://www.vox.com/2014/4/29/11626236/introducing-galxyz-come-for-the-intergalactic-battles-stay-for-the,
https://www.vox.com/2014/4/30/5669484/britains-murder-case-against-one-of-irelands-most-important,
https://www.vox.com/2014/4/30/5669662/one-third-of-people-havent-paid-their-obamacare,
https://www.vox.com/2014/4/30/5668588/illinois-connecticut-maryland-gallup-interstate-migration-rates,
https://www.vox.com/2014/4/30/11626322/softbank-sprint-interest-in-t-mobile-hasnt-wavered-but-no-deal,
https://www.vox.com/2014/4/30/5668552/remembering-bob-hoskinss-best-work-who-framed-roger-rabbit,
https://www.vox.com/2014/4/30/5669268/new-benghazi-emails,
https://www.vox.com/2014/4/30/11626308/engineering-empathy-tears-and-fears-at-dev-bootcamp,
https://www.vox.com/2014/4/30/11626316/oracle-head-ellison-prepping-clippers-bid-with-oprah-david-geffen,
https://www.vox.com/2014/4/30/11626294/chromebooks-on-fire-the-coming-consumer-cloud-revolution,
https://www.vox.com/2014/4/30/5668602/keystone-xl-in-2-minutes,
https://www.vox.com/2014/4/30/11626310/yelp-tops-q1-expectations-raises-2014-guidance,
https://www.vox.com/2014/4/30/5669008/is-the-health-cost-slowdown-over,
https://www.vox.com/2014/4/30/11626314/after-disneymaker-fullscreen-looks-tasty-to-some-big-media-companies,
https://www.vox.com/2014/4/30/5668278/the-economy-has-nearly-stopped-growing-but-the-fed-is-staying-the,
https://www.vox.com/2014/4/30/5668646/the-upside-of-faster-health-care-growth,
https://www.vox.com/2014/4/30/5667036/the-decline-of-marriage-in-four-charts,
https://www.vox.com/2014/4/30/11626306/industrial-computers-emerge-as-another-heartbleed-worry,
https://www.vox.com/2014/4/30/5668666/welcome-to-turkey-where-a-typo-in-a-tweet-can-land-you-in-prison,
https://www.vox.com/2014/4/30/5668404/heres-why-you-shouldnt-take-extra-strength-tylenol,
https://www.vox.com/2014/4/30/5668692/charter-schools-get-less-money-per-student,
https://www.vox.com/2014/4/30/11626302/with-steve-jobs-at-no-1-natch-techies-top-cnbcs-most-important-biz,
https://www.vox.com/2014/4/30/11626312/jury-has-questions-in-apple-samsung-but-wont-get-the-answers-they-want,
https://www.vox.com/2014/4/30/18076968/charter-schools,
https://www.vox.com/2014/4/30/5668664/strong-support-for-minimum-wage-increases-from-economists,
https://www.vox.com/2014/4/30/5668058/jay-z-thinks-lacrosse-is-soft-physiological-profiles-say-otherwise,
https://www.vox.com/2014/4/30/5668480/fcc-chairman-denies-hes-killing-network-neutrality,
https://www.vox.com/2014/4/30/5668326/147-million-americans-still-live-with-unsafe-levels-of-air-pollution,
https://www.vox.com/2014/4/30/5668194/the-200-million-reason-donald-sterling-doesnt-want-to-sell-the,
https://www.vox.com/2014/4/30/11626300/nice-guy-biz-stone-interviewed-by-not-so-nice-gal-me-video,
https://www.vox.com/2014/4/30/11626296/yep-facebook-debuts-its-mobile-ad-network